{
  "$schema": "https://schema.management.azure.com/schemas/2019-04-01/deploymentTemplate.json#",
  "contentVersion": "1.0.0.0",
  "parameters": {
    "region": {
      "type": "string"
    },
    "hubSubscription": {
      "type": "string"
    },
    "operationsSubscription": {
      "type": "string"
    },
    "identityResources": {
      "type": "bool"
    },
    "privateLinkScope": {
      "type": "string"
    },
    "virtualNetwork": {
      "type": "string"
    },
    "azureFirewall": {
      "type": "string"
    },
    "identifier": {
      "type": "string"
    },
    "environmentAbbreviation": {
      "type": "string"
    },
    "stampIndex": {
      "type": "string"
    },
    "avdHostPoolName": {
      "type": "string"
    },
    "avdHostPoolFriendlyName": {
      "type": "string"
    },
    "avdHostPoolType": {
      "type": "string"
    },
    "avdVmCount": {
      "type": "int"
    },
    "avdVmSize": {
      "type": "string"
    },
    "avdUserPrincipalNames": {
      "type": "string"
    },
    "avdImageType": {
      "type": "string"
    },
    "avdGalleryImage": {
      "type": "string"
    }
  },
  "resources": [],
  "outputs": {}
}